{
  "model": "YOLOv9-t (ONNX)",
  "dataset": "COCO val2017 (500 images)",
  "mAP_50_95": 0.4121512174606323,
  "mAP_50": 0.5576053857803345,
  "mAP_75": 0.4466872811317444,
  "AR_100": 0.6307838559150696
}