{
  "model": "YOLOv9-t (PyTorch)",
  "dataset": "COCO val2017 (500 images)",
  "mAP_50_95": 0.4121512174606323,
  "mAP_50": 0.5576054453849792,
  "mAP_75": 0.44668734073638916,
  "AR_100": 0.6307838559150696
}