{
  "model": "YOLOv9-t (v9-t_fp16)",
  "dataset": "COCO val2017 (500 images)",
  "mAP_50_95": 0.4208798110485077,
  "mAP_50": 0.5680785179138184,
  "mAP_75": 0.45391491055488586,
  "AR_100": 0.5904689431190491
}