{
  "model": "YOLOv9-t (v9-t_fp32)",
  "dataset": "COCO val2017 (500 images)",
  "mAP_50_95": 0.42059212923049927,
  "mAP_50": 0.5681721568107605,
  "mAP_75": 0.4541391432285309,
  "AR_100": 0.5902506709098816
}