{
  "model": "YOLOv9-t (v9-t_int8)",
  "dataset": "COCO val2017 (500 images)",
  "mAP_50_95": 0.33651062846183777,
  "mAP_50": 0.46901658177375793,
  "mAP_75": 0.3534219264984131,
  "AR_100": 0.5588036179542542
}